{
  "metric_info": {
    "type": "max_stw_time_ms",
    "name": "最大单次暂停时间",
    "description": "最大单次GC暂停时间",
    "unit": "ms"
  },
  "gc_support_by_jdk": {
    "11": [
      "EpsilonGC",
      "G1GC",
      "ParallelGC",
      "ParallelOldGC",
      "SerialGC",
      "ShenandoahGC"
    ],
    "17": [
      "EpsilonGC",
      "G1GC",
      "ParallelGC",
      "SerialGC",
      "ShenandoahGC",
      "ZGC"
    ],
    "21": [
      "EpsilonGC",
      "G1GC",
      "ParallelGC",
      "SerialGC",
      "ShenandoahGC",
      "ZGC"
    ],
    "25": [
      "EpsilonGC",
      "G1GC",
      "ParallelGC",
      "SerialGC",
      "ShenandoahGC-Gen",
      "ZGC"
    ],
    "26": [
      "EpsilonGC",
      "G1GC",
      "ParallelGC",
      "SerialGC",
      "ZGC"
    ]
  },
  "overall_rankings": {
    "ParallelGC": {
      "avg_rank": 3.435498108448928,
      "count": 15860,
      "std_dev": 1.6331929342273273
    },
    "ParallelOldGC": {
      "avg_rank": 3.0318974021703387,
      "count": 3041,
      "std_dev": 1.6244337021337982
    },
    "ShenandoahGC": {
      "avg_rank": 1.7760405434548199,
      "count": 9274,
      "std_dev": 1.0377245454132307
    },
    "EpsilonGC": {
      "avg_rank": 1,
      "count": 9610,
      "std_dev": 0.0
    },
    "G1GC": {
      "avg_rank": 4.0586382817912705,
      "count": 15877,
      "std_dev": 1.4685415368248749
    },
    "SerialGC": {
      "avg_rank": 4.062566946002142,
      "count": 15871,
      "std_dev": 1.5293983443469634
    },
    "ZGC": {
      "avg_rank": 1.4434118295660392,
      "count": 12697,
      "std_dev": 0.8502191885161413
    },
    "ShenandoahGC-Gen": {
      "avg_rank": 2.1604643222942985,
      "count": 2929,
      "std_dev": 1.2507623042401876
    }
  },
  "rankings_by_jdk": {
    "11": {
      "ParallelGC": {
        "avg_rank": 3.0984188447886414,
        "count": 3099,
        "std_dev": 1.680306146244293
      },
      "ParallelOldGC": {
        "avg_rank": 3.0318974021703387,
        "count": 3041,
        "std_dev": 1.6244337021337982
      },
      "ShenandoahGC": {
        "avg_rank": 1.4272697689554181,
        "count": 3073,
        "std_dev": 0.8485578285915708
      },
      "EpsilonGC": {
        "avg_rank": 1,
        "count": 1829,
        "std_dev": 0.0
      },
      "G1GC": {
        "avg_rank": 3.9761751448808758,
        "count": 3106,
        "std_dev": 1.6302531303921366
      },
      "SerialGC": {
        "avg_rank": 3.9214929214929213,
        "count": 3108,
        "std_dev": 1.8176303088811
      }
    },
    "17": {
      "ParallelGC": {
        "avg_rank": 3.4977390180878554,
        "count": 3096,
        "std_dev": 1.8387310519656095
      },
      "ZGC": {
        "avg_rank": 1.33948817622287,
        "count": 3087,
        "std_dev": 0.7973986365995496
      },
      "ShenandoahGC": {
        "avg_rank": 1.969155844155844,
        "count": 3080,
        "std_dev": 1.0905823499541152
      },
      "EpsilonGC": {
        "avg_rank": 1,
        "count": 1854,
        "std_dev": 0.0
      },
      "G1GC": {
        "avg_rank": 4.411100354953211,
        "count": 3099,
        "std_dev": 1.2980914315577086
      },
      "SerialGC": {
        "avg_rank": 4.202065848934796,
        "count": 3098,
        "std_dev": 1.6137833396339833
      }
    },
    "21": {
      "ParallelGC": {
        "avg_rank": 3.402804333970682,
        "count": 3138,
        "std_dev": 1.8006175508718747
      },
      "ZGC": {
        "avg_rank": 1.382822477650064,
        "count": 3132,
        "std_dev": 0.838241960637168
      },
      "ShenandoahGC": {
        "avg_rank": 1.9288689522588913,
        "count": 3121,
        "std_dev": 1.0667180838070502
      },
      "EpsilonGC": {
        "avg_rank": 1,
        "count": 1891,
        "std_dev": 0.0
      },
      "G1GC": {
        "avg_rank": 4.390515595162317,
        "count": 3142,
        "std_dev": 1.3520460240117982
      },
      "SerialGC": {
        "avg_rank": 4.296909843899331,
        "count": 3139,
        "std_dev": 1.5996016100461627
      }
    },
    "25": {
      "ZGC": {
        "avg_rank": 1.7699386503067485,
        "count": 2934,
        "std_dev": 1.124640881266659
      },
      "ShenandoahGC-Gen": {
        "avg_rank": 2.1604643222942985,
        "count": 2929,
        "std_dev": 1.2507623042401876
      },
      "G1GC": {
        "avg_rank": 4.414189189189189,
        "count": 2960,
        "std_dev": 1.5043256379160517
      },
      "ParallelGC": {
        "avg_rank": 3.415821501014199,
        "count": 2958,
        "std_dev": 1.7058394559552157
      },
      "SerialGC": {
        "avg_rank": 4.276013513513513,
        "count": 2960,
        "std_dev": 1.4262892769494127
      },
      "EpsilonGC": {
        "avg_rank": 1,
        "count": 1713,
        "std_dev": 0.0
      }
    },
    "26": {
      "ZGC": {
        "avg_rank": 1.317155756207675,
        "count": 3544,
        "std_dev": 0.5016250560662148
      },
      "G1GC": {
        "avg_rank": 3.2375350140056023,
        "count": 3570,
        "std_dev": 1.1590484000447043
      },
      "ParallelGC": {
        "avg_rank": 3.719249089380779,
        "count": 3569,
        "std_dev": 1.0126287200965836
      },
      "SerialGC": {
        "avg_rank": 3.680874929893438,
        "count": 3566,
        "std_dev": 1.0314596569446004
      },
      "EpsilonGC": {
        "avg_rank": 1,
        "count": 2323,
        "std_dev": 0.0
      }
    }
  }
}