{
  "metric_info": {
    "type": "gc_stw_time_ms",
    "name": "GC暂停时间",
    "description": "GC总暂停时间(STW)",
    "unit": "ms"
  },
  "gc_support_by_jdk": {
    "11": [
      "EpsilonGC",
      "G1GC",
      "ParallelGC",
      "ParallelOldGC",
      "SerialGC",
      "ShenandoahGC"
    ],
    "17": [
      "EpsilonGC",
      "G1GC",
      "ParallelGC",
      "SerialGC",
      "ShenandoahGC",
      "ZGC"
    ],
    "21": [
      "EpsilonGC",
      "G1GC",
      "ParallelGC",
      "SerialGC",
      "ShenandoahGC",
      "ZGC"
    ],
    "25": [
      "EpsilonGC",
      "G1GC",
      "ParallelGC",
      "SerialGC",
      "ShenandoahGC-Gen",
      "ZGC"
    ],
    "26": [
      "EpsilonGC",
      "G1GC",
      "ParallelGC",
      "SerialGC",
      "ZGC"
    ]
  },
  "overall_rankings": {
    "ParallelGC": {
      "avg_rank": 3.280580075662043,
      "count": 15860,
      "std_dev": 1.5745032188309684
    },
    "ParallelOldGC": {
      "avg_rank": 2.8858927984215716,
      "count": 3041,
      "std_dev": 1.559922062941418
    },
    "ShenandoahGC": {
      "avg_rank": 1.5924088850549925,
      "count": 9274,
      "std_dev": 0.8309827034125606
    },
    "EpsilonGC": {
      "avg_rank": 1,
      "count": 9610,
      "std_dev": 0.0
    },
    "G1GC": {
      "avg_rank": 4.003401146312275,
      "count": 15877,
      "std_dev": 1.3864108582622536
    },
    "SerialGC": {
      "avg_rank": 4.465629134900133,
      "count": 15871,
      "std_dev": 1.405117137806321
    },
    "ZGC": {
      "avg_rank": 1.4392376151846893,
      "count": 12697,
      "std_dev": 0.8484469957940467
    },
    "ShenandoahGC-Gen": {
      "avg_rank": 1.8706043018094913,
      "count": 2929,
      "std_dev": 0.9023268021723874
    }
  },
  "rankings_by_jdk": {
    "11": {
      "ParallelGC": {
        "avg_rank": 2.9173927073249435,
        "count": 3099,
        "std_dev": 1.5852015503262078
      },
      "ParallelOldGC": {
        "avg_rank": 2.8858927984215716,
        "count": 3041,
        "std_dev": 1.559922062941418
      },
      "ShenandoahGC": {
        "avg_rank": 1.2616335828180931,
        "count": 3073,
        "std_dev": 0.7120719198789969
      },
      "EpsilonGC": {
        "avg_rank": 1,
        "count": 1829,
        "std_dev": 0.0
      },
      "G1GC": {
        "avg_rank": 4.043464262717321,
        "count": 3106,
        "std_dev": 1.5346908844978393
      },
      "SerialGC": {
        "avg_rank": 4.3426640926640925,
        "count": 3108,
        "std_dev": 1.6389669496832706
      }
    },
    "17": {
      "ParallelGC": {
        "avg_rank": 3.266472868217054,
        "count": 3096,
        "std_dev": 1.7183942502416691
      },
      "ZGC": {
        "avg_rank": 1.3365727243278265,
        "count": 3087,
        "std_dev": 0.7955850591438474
      },
      "ShenandoahGC": {
        "avg_rank": 1.7623376623376623,
        "count": 3080,
        "std_dev": 0.8379654850983028
      },
      "EpsilonGC": {
        "avg_rank": 1,
        "count": 1854,
        "std_dev": 0.0
      },
      "G1GC": {
        "avg_rank": 4.352371732817038,
        "count": 3099,
        "std_dev": 1.1769260641788466
      },
      "SerialGC": {
        "avg_rank": 4.701743060038734,
        "count": 3098,
        "std_dev": 1.4948421263522784
      }
    },
    "21": {
      "ParallelGC": {
        "avg_rank": 3.1848311026131295,
        "count": 3138,
        "std_dev": 1.6648399472271955
      },
      "ZGC": {
        "avg_rank": 1.3780332056194124,
        "count": 3132,
        "std_dev": 0.8337362628765341
      },
      "ShenandoahGC": {
        "avg_rank": 1.7504005126562,
        "count": 3121,
        "std_dev": 0.8360012420551095
      },
      "EpsilonGC": {
        "avg_rank": 1,
        "count": 1891,
        "std_dev": 0.0
      },
      "G1GC": {
        "avg_rank": 4.388605983450032,
        "count": 3142,
        "std_dev": 1.2521248535605445
      },
      "SerialGC": {
        "avg_rank": 4.6995858553679515,
        "count": 3139,
        "std_dev": 1.4945950488270472
      }
    },
    "25": {
      "ZGC": {
        "avg_rank": 1.7644853442399455,
        "count": 2934,
        "std_dev": 1.1259362695457908
      },
      "ShenandoahGC-Gen": {
        "avg_rank": 1.8706043018094913,
        "count": 2929,
        "std_dev": 0.9023268021723874
      },
      "G1GC": {
        "avg_rank": 4.3777027027027025,
        "count": 2960,
        "std_dev": 1.3739389132477433
      },
      "ParallelGC": {
        "avg_rank": 3.4215686274509802,
        "count": 2958,
        "std_dev": 1.6991616944357844
      },
      "SerialGC": {
        "avg_rank": 4.600337837837838,
        "count": 2960,
        "std_dev": 1.3266957256850256
      },
      "EpsilonGC": {
        "avg_rank": 1,
        "count": 1713,
        "std_dev": 0.0
      }
    },
    "26": {
      "ZGC": {
        "avg_rank": 1.3134875846501128,
        "count": 3544,
        "std_dev": 0.4985769456908404
      },
      "G1GC": {
        "avg_rank": 3.0162464985994397,
        "count": 3570,
        "std_dev": 1.0125380563303765
      },
      "ParallelGC": {
        "avg_rank": 3.5755113477164473,
        "count": 3569,
        "std_dev": 1.1044015702707946
      },
      "SerialGC": {
        "avg_rank": 4.049915872125631,
        "count": 3566,
        "std_dev": 0.8841942274809861
      },
      "EpsilonGC": {
        "avg_rank": 1,
        "count": 2323,
        "std_dev": 0.0
      }
    }
  }
}